{
    "class_name" : "PinholeCameraParameters",
    "extrinsic" : [
        1.82096827e-03, -9.99989685e-01, -4.16093981e-03, 0.0,
        2.59352429e-01,  4.49083931e-03, -9.65772307e-01, 0.0,
        9.65781032e-01,  6.79490883e-04,  2.59357932e-01, 0.0,
        0.0673652581193,-0.00748751034124,0.0259057317746, 1.0
    ],
    "intrinsic" : {
        "height" : 1512,
        "intrinsic_matrix" : [
            1325.28279454, 0.0, 0.0,
            0.0, 1324.93728142, 0.0,
            979.237453101, 764.476037182, 1.0
        ],
        "width" : 2016
    },
    "version_major" : 1,
    "version_minor" : 0
}