{
    "class_name" : "PinholeCameraParameters",
    "extrinsic" : [
        0.9998817, 0.01511453, -0.002841595, 0.0,
        -0.01511724, 0.9998853, -0.0009338510, 0.0,
        0.002827154, 0.0009766976, 0.9999955, 0.0,
        0.05956621, 0.0002900141, 0.002577209, 1.0
    ],
    "intrinsic" : {
        "height" : 375,
        "intrinsic_matrix" : [
            721.5377, 0.0, 0.0,
            0.0, 721.5377, 0.0,
            609.5593, 172.8540, 1.0
        ],
        "width" : 1242
    },
    "version_major" : 1,
    "version_minor" : 0
}